clientID,Gender,Education,Mariage,Age,creditAmount,paymentDelayed,defaultPayment
60227RXCK,M,primary,Married,54,6364769,No,1
02501QOFP,F,university,Married,74,8000720,Yes,1
80863EYIC,M,college,Married,21,2859810,No,0
08687NZJO,M,college,Married,90,334775,No,1
86857BFHC,F,others,Single,88,9834391,Yes,0
21263JFGY,M,college,Single,62,6079799,No,0
66171JZQO,M,primary,Married,97,7397688,No,0
68720IGFY,M,university,Married,37,9812847,No,1
83639LGGO,M,college,Married,28,9595062,No,0
25832ZNCB,M,primary,Married,66,3050663,Yes,0
16740JZNZ,M,university,Single,13,7505010,No,1
80765GQCL,F,college,Married,11,333140,No,0
49825EXWH,F,others,Married,93,8250482,Yes,1
66175UNAI,M,primary,Married,77,9509041,Yes,1
09883BWYC,F,primary,Single,76,5768491,No,1
40771MOGW,F,others,Married,46,5700507,No,1
42572IZQL,F,college,Single,30,1426240,Yes,1
51235FFBQ,F,primary,Married,85,6207036,No,0
29802RFDY,M,primary,Single,63,1155783,No,1
54781CLLM,F,college,Married,89,2973518,No,1
76904IWGE,M,others,Single,55,2263975,No,0
44229LWOB,M,college,Single,53,5034919,No,0
98998EMFK,M,university,Married,7,6603777,Yes,1
03927LKYZ,M,college,Single,81,2507959,Yes,1
57129POTB,F,primary,Single,13,1861799,No,0
55819CEPR,M,university,Single,98,3307324,Yes,1
21825QKPN,M,university,Married,35,5380430,No,1
92723RHIT,M,college,Married,92,4904811,No,1
04990FGYW,F,primary,Single,93,1393729,Yes,1
83187PZRA,M,university,Married,35,5951078,No,0
82691DCOH,F,others,Single,32,8300526,Yes,1
67262MXVC,M,primary,Married,81,267690,Yes,1
42076GTOL,F,primary,Single,65,9903973,No,0
00895VPDD,F,college,Single,42,7008492,Yes,1
38788FGCU,M,primary,Single,53,2836359,Yes,0
84619WZVW,F,others,Single,85,6127308,No,1
07398WVGU,M,primary,Single,32,4239868,Yes,0
18828LHUF,M,others,Married,45,3221614,No,0
01389HQKZ,F,university,Single,10,8613806,No,1
59191ZGCL,F,college,Single,1,4701745,Yes,1
73653OGSA,F,primary,Married,12,8731394,No,0
95776JBRI,M,primary,Married,91,393331,No,1
38733KKHD,M,primary,Married,62,8214277,No,1
49696HOAH,M,others,Married,31,5344677,No,1
45644FMXU,F,university,Single,74,2799815,No,0
10563VTRF,F,college,Single,63,872601,Yes,1
10248BKQF,F,others,Single,28,4006466,No,1
64260TUCL,F,others,Married,75,5144501,Yes,0
19502WLUR,F,college,Single,55,4414311,No,0
95986SNVO,M,university,Married,85,7531814,Yes,1
87422QTNQ,M,primary,Married,34,7263691,No,1
20223ODGS,F,primary,Married,13,5662610,No,0
70454FKXP,M,primary,Single,99,678735,Yes,1
68730JTWY,F,university,Married,90,4577438,Yes,0
47562FLAI,F,others,Married,62,7685434,Yes,0
64141QAKO,F,primary,Married,71,1346275,No,1
06140JFIT,F,others,Single,77,5585452,No,1
37820AOZJ,M,primary,Single,72,9248845,No,1
67679FADD,F,others,Married,48,526366,No,0
65267EPTC,F,others,Single,77,2191941,No,1
89103RYKS,F,university,Single,66,179146,Yes,0
06617WPDZ,F,others,Married,85,9624294,No,0
73435IWVC,M,others,Single,48,322327,Yes,0
96874TZHV,F,university,Married,5,5078639,No,0
54472WVCW,F,primary,Single,77,6386602,No,1
24630WEFU,F,others,Single,13,3349444,Yes,1
38720YCSM,M,primary,Single,75,7887322,No,1
76647CFRH,M,college,Single,82,6375627,No,1
54547ISHG,M,college,Married,12,6516223,No,0
11157EFMS,M,university,Single,73,603698,No,1
95211FEAN,M,college,Single,12,4534608,Yes,1
29561WMWO,M,others,Married,15,6293838,Yes,1
44109MVKB,F,primary,Married,97,5631020,Yes,1
60153ZDTP,F,university,Single,30,6153781,Yes,1
72544WZHQ,M,university,Married,46,8599737,No,1
67922REEB,F,primary,Single,74,7122167,Yes,1
04522SSLR,M,primary,Married,86,6831600,Yes,1
97669LOQX,M,university,Single,90,5739967,Yes,1
80137OHDR,F,others,Married,77,2220299,No,1
69540BLIG,F,primary,Single,53,5808929,Yes,0
09859ZRHB,M,primary,Married,50,4388718,No,0
74691PQMC,F,university,Married,91,9267444,Yes,1
33683SHYV,F,primary,Single,95,3236383,Yes,0
54339KNZR,F,primary,Married,5,8201214,No,1
54137QTFO,F,primary,Single,44,4725155,Yes,1
94619PGEO,M,university,Single,82,4474023,Yes,1
50994DVMS,M,others,Married,56,1397645,Yes,1
52892OJXN,M,university,Single,58,7547637,Yes,1
88274YNVH,M,college,Single,73,1422630,Yes,0
25941OIOO,F,primary,Single,66,5345455,No,0
43165GUBT,F,college,Married,4,8536102,No,0
78368ZMAN,M,college,Single,51,1904639,No,1
58845LSKR,F,university,Single,80,386002,No,1
14936QWWW,F,college,Single,95,2156306,Yes,1
33778ABQX,M,university,Married,99,1795995,Yes,0
97406WLSX,F,others,Single,55,4076210,Yes,0
07231NOUE,F,others,Single,85,1248471,No,1
08629DLGG,F,primary,Single,3,2971367,No,1
08961LIPQ,M,primary,Single,27,6264417,Yes,0
42813MGOO,F,primary,Single,72,1089835,Yes,1
92962ORTB,M,college,Married,23,2583795,Yes,1
64927PJQQ,F,university,Married,3,9595038,No,0
67686XQIL,F,others,Single,80,3975283,Yes,1
57027EDOZ,M,college,Single,42,1466112,Yes,1
59828MUTI,M,university,Married,12,1265196,No,1
19198SZZU,F,others,Married,37,161821,Yes,1
37054RRPV,M,college,Married,52,225607,Yes,1
91208OXFB,M,college,Single,3,5723293,Yes,1
89341YHMC,F,college,Single,93,1180828,Yes,0
81467YKTE,M,university,Married,58,2621336,No,1
40449AJLY,F,college,Single,32,9777006,No,0
80659JKED,M,college,Single,45,7730321,Yes,1
84665AUGD,F,primary,Married,87,5551592,Yes,1
50722WIDX,F,primary,Single,44,1775579,Yes,0
08112ERAA,F,college,Single,45,2046458,No,0
72310TNTM,M,others,Married,31,942317,Yes,0
75159BUWN,M,others,Married,35,2327251,Yes,1
49044RMXB,M,college,Single,57,3347413,No,1
06026OIZN,M,primary,Single,6,1361566,Yes,0
46078QTSF,F,university,Single,41,3113429,Yes,0
42344CLRJ,F,university,Married,58,1538536,Yes,1
19080CTVO,F,university,Single,89,1536557,No,0
55313RTWS,M,college,Single,81,64444,Yes,0
96352RFCV,M,university,Single,33,7264021,Yes,0
37588ZVPQ,M,primary,Single,98,3910363,Yes,0
09821SIIA,M,college,Single,20,3526891,No,1
85416ATFK,F,university,Married,26,838838,No,1
33775CBEQ,F,primary,Single,71,1332312,No,1
62644HTCL,M,university,Married,98,6491121,No,0
26460KPAH,F,others,Single,70,5375504,Yes,0
21230TEJS,F,others,Single,82,8880743,Yes,0
58808BAXW,F,primary,Single,41,3231940,Yes,0
55741AIUQ,M,primary,Married,94,7986695,Yes,1
89082PNKI,F,others,Single,51,3310141,No,1
33151NXJS,M,primary,Single,96,8309762,No,1
88211PTRE,M,college,Single,44,3121651,No,1
74774YOQQ,M,college,Married,99,7872046,Yes,1
86104HHBN,F,others,Married,22,4832904,No,1
34080WWPN,F,college,Single,63,9928959,No,0
45784VQIM,F,primary,Married,11,1027879,Yes,0
10183SNEG,M,primary,Single,42,7424193,No,1
44513HKIP,M,college,Married,45,3102575,Yes,1
76006HSRX,F,others,Married,78,8515854,No,1
83513ZSKP,F,others,Married,68,105922,No,1
93378RVTR,F,primary,Married,94,1334767,No,1
56433EFYM,F,others,Married,29,2950289,No,1
21081UVWA,M,others,Married,40,3317200,Yes,1
37131VUVE,F,others,Single,39,4416797,No,1
44624HTLN,F,primary,Single,12,2414121,No,1
38483YZMH,F,university,Single,92,9093225,No,1
35988DGQW,M,university,Single,11,9654182,Yes,0
51882THXD,M,others,Single,81,3176692,No,1
49243ABNG,M,university,Married,51,2080548,Yes,0
93098QUDH,M,others,Single,40,1271374,Yes,0
86174ACGV,F,primary,Married,79,3157448,No,0
57512HBKU,F,college,Married,63,3138146,Yes,1
41950NGDL,M,primary,Single,81,5392289,No,1
62460ZBNN,M,college,Single,23,3820433,Yes,1
95346ZGAU,F,primary,Married,96,2725016,Yes,0
37677IBOV,M,college,Married,48,6621430,No,0
17466VBUL,F,college,Married,25,9937283,No,1
20109NZOG,F,university,Single,33,4978128,No,1
71378IDJX,M,primary,Married,90,6916944,No,1
78394MYNU,F,college,Single,62,8500252,Yes,1
70685ICRH,F,others,Single,44,4788269,No,1
64630WJZH,M,others,Single,43,3661766,Yes,0
99063URYD,F,primary,Single,56,7155874,No,1
67007JJOP,M,primary,Married,46,4210239,No,0
69375NKQG,F,others,Married,96,5784097,Yes,1
17435GGLZ,M,college,Single,20,4039462,Yes,0
29418LXLC,M,others,Married,21,8901167,Yes,0
68330OXWS,M,others,Single,41,117157,No,1
96751FDUA,M,college,Married,2,4222292,Yes,0
53856CIZS,F,university,Married,14,4721933,No,0
57809QLRI,M,others,Single,24,2705564,No,1
87619LXBD,F,others,Single,74,1084704,No,1
11373YXVG,M,university,Married,39,1033805,No,1
65135NEYE,F,university,Married,64,1053324,Yes,1
67685VABQ,M,primary,Single,89,8286654,No,1
56746MQHY,M,college,Single,82,5775108,No,1
48620BLMF,M,college,Married,71,1013411,No,1
63778ZDJO,F,primary,Single,37,7215794,No,0
34220HJPG,F,university,Single,96,1341366,Yes,1
81353TMNM,M,college,Married,71,7481498,No,1
30959FJBM,F,college,Single,68,201309,No,1
86458LWST,F,others,Married,22,1480283,No,1
34515BNTH,M,primary,Single,50,5341833,Yes,0
96193UIYT,F,college,Married,79,9867329,No,1
15501IMLP,F,college,Single,89,6064625,No,0
53619THIV,F,college,Single,9,1105264,No,0
57283RZPU,F,college,Married,25,9549611,No,1
76049UUPS,F,primary,Single,11,4402968,Yes,1
51668DRAY,F,primary,Married,11,5353006,Yes,1
10316KUXW,F,college,Married,91,7562951,Yes,0
70123RNIE,F,college,Single,76,6008132,Yes,0
93377QSPE,M,college,Married,84,8060594,Yes,0
25292HFSI,M,university,Single,51,6215009,No,1
39721RJZV,F,others,Single,33,8383490,No,0
98227JLGM,F,others,Single,18,5037312,Yes,0
25961QPGR,F,primary,Single,91,8205526,Yes,0
56047CUAO,M,others,Married,43,5259233,Yes,1
94984FZIQ,M,primary,Married,68,9158966,Yes,1
90557YXEW,F,others,Married,45,3192454,Yes,1
19934YZYW,F,primary,Married,50,3827079,Yes,0
05192ZOMY,F,college,Single,17,9852070,No,0
84111LGET,F,others,Married,49,2861404,Yes,0
75718XVNC,F,university,Married,13,716379,No,1
61132GGTY,M,others,Single,94,5920596,No,1
37066BDHK,M,primary,Single,37,6874169,Yes,1
58731XHPF,M,primary,Single,78,7800480,No,0
11764OMNR,M,college,Single,72,7745038,Yes,1
22780LSCO,M,college,Single,10,5441989,No,0
05551INDF,F,primary,Single,41,6765273,No,0
50584NLBM,M,others,Married,28,7778318,Yes,0
87387PBIB,F,university,Single,56,7791215,Yes,1
99090KTTZ,M,college,Single,5,7586262,No,0
64938XJRR,F,college,Single,31,2561627,No,0
56315NSFA,M,college,Single,70,2383756,Yes,1
02655VGJH,F,others,Single,19,6468694,Yes,1
97184TWAF,F,university,Married,85,7039673,Yes,1
10570TKGF,M,university,Single,35,410704,Yes,1
80528TIPR,M,university,Single,3,2339282,Yes,0
33162HBYW,F,university,Married,63,5313739,Yes,1
96449YRUI,F,primary,Married,28,6399793,No,0
41374WHSU,M,university,Single,88,2506247,No,0
95951GFQX,M,primary,Single,28,6701127,No,0
80712RPWE,F,primary,Single,31,6135597,Yes,1
77548IYAY,M,university,Married,28,234045,Yes,0
91942PFXO,F,others,Married,56,7287709,Yes,0
73532NMCZ,F,college,Single,82,2898767,Yes,1
48934OFDG,F,primary,Single,27,2534009,Yes,0
95413JVMR,F,university,Married,18,9947835,Yes,0
62896MEUE,M,primary,Married,1,3085492,Yes,1
74956BAWY,F,college,Single,37,3640552,No,1
67482SANJ,M,college,Single,31,1591256,Yes,0
66644AOAN,F,primary,Single,2,274968,Yes,1
29086UXCC,F,college,Single,78,6564785,No,0
11582KJKO,F,primary,Single,61,7923682,No,1
92686WTCJ,F,university,Single,56,2514902,Yes,0
50014LUOW,F,college,Married,53,4544782,Yes,0
05028XMBB,M,primary,Married,71,5659211,Yes,1
98509IYPT,M,primary,Married,70,3317804,Yes,0
73012VKXI,F,others,Single,72,363742,Yes,0
71975ZBLV,M,primary,Single,24,8343686,No,1
37937AHZM,M,primary,Single,52,6580560,Yes,0
39466CQUS,M,university,Married,23,2656108,No,1
01767ICAI,M,university,Single,66,5092257,Yes,1
32114OKAJ,F,college,Single,74,9216206,Yes,0
05332KCXX,F,college,Married,51,4658523,No,1
95131HMBL,F,others,Single,80,3820832,Yes,0
44022QPFC,M,primary,Married,73,3186767,Yes,1
39368IIVW,F,others,Single,49,8162699,Yes,1
91392IZZH,M,college,Married,95,8374128,No,0
64523VKCO,F,university,Married,33,7262123,Yes,0
55659MSLH,M,primary,Single,90,7299894,Yes,0
68744QGRS,F,college,Married,46,2681346,Yes,1
70944NXRO,M,college,Married,33,8176245,No,1
73856CTRJ,F,college,Married,55,1002614,No,1
60963TZLA,M,others,Single,47,5928555,No,1
25555LKUP,F,college,Married,46,1778578,Yes,1
53014ZDYD,M,others,Married,30,1122498,No,0
34244LSIH,F,college,Single,40,5423781,Yes,1
81866EZGE,F,primary,Single,69,7997704,Yes,1
15924EQLA,M,university,Single,45,4854016,Yes,0
61537FTVB,F,college,Married,9,2373604,Yes,0
18134GWNQ,M,primary,Single,88,3945203,Yes,1
56538QVSH,M,college,Single,17,8703394,Yes,1
60113ESNK,M,university,Single,41,8291831,No,0
13166QZOM,M,primary,Single,89,3630655,Yes,0
13403ADVZ,F,primary,Married,31,6985117,Yes,1
54648MCAT,F,university,Single,68,8229340,No,0
22514TTOC,M,college,Single,74,217561,No,0
17838BSOZ,F,college,Married,16,5167512,No,1
18729LJVL,M,university,Single,12,2660907,No,1
97285JSQE,M,others,Single,64,5680439,No,0
12203HOIS,M,primary,Single,90,5211204,No,1
22896CZUX,M,university,Single,60,7197383,No,1
98182SVTR,F,others,Single,68,2044260,No,0
45244QWCN,M,primary,Married,40,2171443,No,0
29393AUTT,M,primary,Married,13,8885830,No,1
46305FLFG,M,university,Single,77,4729449,Yes,1
83554IRBC,M,others,Single,29,5722663,No,1
74184AYFR,F,primary,Married,92,6263853,Yes,1
16192RGJX,M,primary,Single,44,2149724,Yes,0
13362RSAM,M,others,Single,91,6200315,Yes,0
12606VZKD,F,others,Married,89,9484625,Yes,1
03713WDUT,F,college,Married,82,7944399,No,0
19150QLSQ,M,college,Single,70,1059062,No,0
14680CTPJ,M,university,Single,28,297121,Yes,0
93120OPPU,M,college,Single,59,7500728,No,1
68635NTHB,F,university,Single,34,6207713,No,1
89414PNZZ,M,college,Married,73,6996109,No,1
91853RTYU,M,university,Married,6,4129039,No,0
00200UNQN,F,college,Married,58,3514089,No,1
47056HINF,F,university,Married,79,5472739,Yes,0
85368RBSS,M,others,Married,56,3916446,No,0
80044PITT,F,college,Single,63,5243502,No,1
17719NUSE,M,primary,Married,75,7989104,Yes,1
17287AUHB,M,university,Single,55,4706535,Yes,0
75043MOJG,M,others,Married,8,9311284,Yes,0
15725BWGM,M,others,Married,21,5716960,No,1
31985XTKI,M,college,Single,2,9684142,Yes,0
47203NXEU,F,primary,Married,71,5554278,No,1
99042VIOA,M,college,Single,57,3261118,Yes,0
25364PMUF,M,primary,Married,71,2132936,No,0
97204GJVW,M,college,Single,83,5399458,No,0
90687CNGM,F,others,Married,7,9601181,Yes,1
09709XNSJ,F,university,Married,44,3840753,Yes,0
90018BOLZ,M,others,Single,61,9946118,Yes,0
22387TIHB,M,others,Single,90,3976501,Yes,0
27511MKNZ,M,university,Married,18,4179189,No,1
23211RVSB,F,university,Married,8,8197146,No,1
83023NRGZ,F,university,Single,87,9450573,No,0
04472MUDA,M,others,Married,45,7881140,No,1
89183QQPG,F,university,Single,8,325433,No,0
80094DXVI,M,college,Married,92,5258987,No,0
04158KARE,F,college,Single,35,8572495,No,1
21280QGHK,M,college,Married,72,1603611,Yes,0
50211XNQU,F,college,Married,32,6444856,No,1
79735MXNK,M,primary,Married,93,2488992,Yes,1
13287BZNT,F,primary,Single,3,5396475,No,1
99162VXBZ,M,others,Single,91,1364117,Yes,0
28738VEPU,M,others,Married,76,8879100,Yes,0
69079OOEZ,F,university,Single,62,8236615,Yes,0
84340GFNA,F,others,Married,55,7762638,Yes,0
92179VIAP,F,university,Married,90,4462863,No,0
97889JYKC,F,university,Single,97,1122823,No,0
31197YQEZ,M,others,Married,17,7541106,Yes,1
69725EHRD,M,primary,Single,50,6536009,No,1
79939ZAPX,F,university,Married,27,3241052,No,1
92591TGZE,M,primary,Married,84,4634041,No,0
80768LGGB,M,others,Single,57,2400541,No,1
21037ZWMJ,M,college,Married,39,6103257,Yes,1
51486REBV,M,others,Married,68,990213,No,0
23901JTOX,F,primary,Married,89,7948155,No,0
05640YEXE,F,university,Single,86,4137021,No,1
12167SGHG,F,primary,Single,38,3746912,Yes,0
05813LHRP,M,others,Single,42,51225,No,1
10120VIKM,M,primary,Married,29,5489747,Yes,0
60518JLGM,F,university,Single,72,5975521,No,1
22076CIOZ,M,primary,Single,65,8095898,No,0
55884NWMW,M,university,Married,52,9426747,Yes,1
40975XURQ,M,others,Married,18,2451491,No,0
17199VDLZ,M,others,Single,98,4576113,Yes,1
49682XXBK,M,college,Single,69,5369308,Yes,1
33248UQNK,M,university,Married,87,8131879,Yes,1
41579YOCH,F,others,Single,75,5270870,Yes,1
53434PAHD,M,university,Single,40,8997792,No,0
66083GTXX,M,college,Married,0,3356422,Yes,1
08324SCWD,M,primary,Single,78,3157390,Yes,0
94824QEFV,F,college,Single,6,2019347,Yes,0
77885EIND,M,college,Single,91,4959674,No,1
88018VGLX,M,primary,Single,96,1016078,Yes,0
72856DAJP,M,primary,Married,45,3270603,No,1
18531XTRH,M,primary,Married,75,8782910,No,1
31598QRGK,F,college,Married,15,8457886,No,1
07709QPAG,F,others,Single,99,4738830,No,1
83964JJGM,F,others,Married,9,4164550,No,1
68315RVJQ,M,others,Married,78,6308383,No,0
62109QWGS,M,others,Single,8,7096617,No,0
82178UUPR,F,college,Single,67,183107,No,1
67692KKAS,F,others,Single,52,5002581,Yes,1
51725UXRN,F,university,Married,93,4378651,Yes,1
88810DGVT,F,university,Married,20,3426580,No,1
16303THUI,F,primary,Single,93,2416920,No,1
22848PYBX,F,university,Married,24,4967791,No,1
58320WDFK,M,primary,Single,31,424191,Yes,0
59437UMQE,F,college,Married,76,483541,Yes,1
60271TMTC,M,others,Single,99,7070309,Yes,1
66493AFJA,M,others,Married,97,1320530,No,0
38166GSID,F,college,Single,22,6184613,No,0
35182HSPI,F,others,Single,23,7800391,No,1
89393EYXK,M,university,Married,3,2476565,No,1
27175EJQA,F,college,Single,83,7494133,Yes,0
82509RQAR,M,primary,Single,63,6409223,Yes,1
43541SQHR,M,university,Single,93,9315791,Yes,1
62618CSDC,F,college,Single,15,2633661,Yes,1
11125FSHB,F,others,Single,42,9963067,No,0
42930RXVR,F,college,Single,11,7451421,No,0
10571GGZH,F,primary,Single,12,5269506,No,0
40102UITC,F,others,Single,51,1807659,Yes,1
70861JLQW,F,college,Married,73,4589442,Yes,0
08149HKWU,M,college,Married,89,7649459,Yes,0
67160YEKP,F,others,Married,87,4629664,No,1
86133ARVZ,F,college,Single,49,3318210,Yes,1
19140GISR,M,university,Married,52,7605674,Yes,1
75596INSC,F,university,Married,48,4777527,Yes,1
62363VOZB,F,primary,Single,89,2733027,No,1
61888BMGZ,M,university,Single,60,9839508,Yes,1
02642LULW,F,others,Single,17,2156471,No,1
41461KOAC,M,college,Single,43,5415748,Yes,0
66352RYJB,M,college,Married,23,284479,No,0
24564RSCT,F,primary,Single,12,2078948,No,1
23892NSBE,F,college,Single,39,879521,Yes,1
17716EYKL,F,college,Single,45,5478400,Yes,1
77149VPUL,F,university,Single,22,9270673,Yes,1
69145BYVM,F,primary,Married,90,8004436,Yes,0
59157DKPW,M,college,Married,55,6187807,Yes,0
53997HZZL,M,college,Married,32,2378219,No,0
14772SWSY,M,others,Single,63,5289332,No,0
62623RZQY,F,others,Single,11,6291944,Yes,0
56313MORK,F,university,Single,23,9229602,Yes,0
78288NADR,M,university,Married,33,427237,No,1
17122VRHT,F,college,Married,51,7285668,Yes,0
08187WTOG,M,college,Married,25,5433876,No,1
77269KYZI,M,primary,Single,29,6636022,Yes,1
50267WVXS,M,university,Married,44,2986319,Yes,0
67567ZHER,F,college,Married,82,5479615,No,0
11534ODPG,F,university,Single,81,579385,No,0
37113BYQR,M,primary,Single,10,4746425,No,1
45373FEBN,F,university,Single,43,5436056,No,1
45022IJFT,M,university,Single,57,9489477,No,1
59890RLXP,M,primary,Married,96,9538345,No,0
69639YKOH,F,primary,Single,12,660712,No,1
98384BXFN,M,university,Married,67,8585042,Yes,1
91950BRUW,F,primary,Single,32,937162,No,0
41579UQYT,M,others,Single,2,2212358,Yes,1
14300UOOF,F,primary,Single,77,8332851,Yes,0
23640RNQQ,F,college,Single,7,1071694,Yes,1
75709CUHC,M,university,Married,71,1139084,No,1
74364NDKU,M,college,Single,7,2347325,No,0
59169USJY,F,others,Married,87,2542922,No,0
55105NYHT,F,others,Single,47,1715525,No,0
93465EFVF,M,university,Single,12,8770803,No,1
17889ZLOH,M,others,Married,21,2741091,No,1
00743DRCQ,M,college,Married,0,3942874,No,0
93463POJI,F,primary,Single,67,1541146,Yes,1
40227LVDT,M,primary,Married,1,6045115,No,1
84335EPVW,F,others,Single,0,5990826,No,1
15280BANA,F,others,Married,41,5673351,Yes,1
54595OZMU,F,others,Married,49,1361618,Yes,1
32772MNKN,F,college,Married,39,6922981,Yes,1
68861NLEY,M,primary,Single,3,5764201,Yes,1
69743FMBJ,M,university,Married,72,1167301,Yes,0
02934LBZI,M,college,Married,72,8262036,No,0
75882OEQJ,F,primary,Single,47,6720280,Yes,0
68539NJWM,F,college,Single,8,9145452,Yes,0
46511CQFE,M,primary,Single,22,1042712,No,0
37128SMMF,F,university,Married,24,8802659,No,1
18005EQBO,F,primary,Married,81,6985243,No,1
02195OASR,M,college,Married,79,6643613,No,0
20498EVPU,M,university,Single,63,2600201,No,1
81627ILPF,F,college,Married,23,9195551,No,0
31285KDCM,M,college,Single,68,1501120,Yes,1
60751MDPV,F,others,Married,27,3477155,Yes,0
87653BNFU,F,primary,Single,44,7524551,Yes,1
73577SCDM,M,college,Married,12,2668592,No,0
28284ESUP,M,primary,Single,87,1933560,Yes,1
10663JEQG,F,others,Married,19,4374738,No,0
84326TKUM,M,primary,Married,76,3815075,Yes,1
35233STWR,M,college,Single,47,4014207,No,0
74612KIOS,F,university,Married,73,948151,No,0
71900DYLB,F,primary,Married,22,9356395,No,0
20039PNSP,M,primary,Single,56,406432,Yes,0
98642RUHA,F,university,Married,90,880521,No,1
55210GAEZ,M,university,Married,98,3783596,No,1
73355TBCH,M,others,Married,22,8031140,Yes,1
89392PFYO,F,university,Single,64,711268,No,1
24102YUYW,M,university,Married,19,707594,No,0
85695UTYL,M,college,Married,56,3674226,Yes,1
45010QZRF,F,others,Single,3,3903482,No,1
39508GCRV,M,university,Single,79,2560719,Yes,1
09438GYRX,F,others,Married,4,2309772,No,1
41782FGQE,F,university,Married,68,8398404,No,1
19666TOBM,F,others,Married,15,5359633,No,0
64988MZXH,F,college,Married,39,5418207,Yes,0
25074ONKR,F,university,Single,37,6501596,No,0
19646AFPI,F,university,Married,13,6640570,No,1
62524PJMF,M,primary,Married,44,323058,Yes,1
73821DOFC,F,university,Married,87,8560524,No,0
22431YDUE,F,primary,Married,23,4859343,Yes,1
49857UHOO,M,others,Single,75,8258204,Yes,0
36084QLIJ,F,primary,Single,66,394485,No,1
59201WZFO,F,others,Married,21,6961517,Yes,0
61736MTXJ,F,university,Married,12,9227991,No,1
26118IQOW,F,university,Single,63,1140206,No,1
01232GQHL,M,primary,Married,24,673271,Yes,1
83594EASR,F,others,Married,77,3357531,Yes,1
97011BWOA,M,college,Single,19,9892999,Yes,0
37021RXIG,M,others,Married,78,604074,Yes,0
26180RWIM,M,university,Single,43,3503697,Yes,0
95249SEPQ,M,college,Married,58,3850472,Yes,1
65563JOUL,M,others,Single,84,9776742,No,0
32308WIMA,M,university,Married,70,8245416,No,1
99404HGAJ,M,college,Married,49,119997,Yes,0
45317KJGK,F,university,Married,57,5861650,Yes,1
27986HTVK,F,college,Single,14,1352704,Yes,0
81266HQEA,M,others,Single,85,9757348,Yes,0
05112SSGD,M,others,Married,70,6176000,No,0
43379MUIV,M,others,Single,8,8542097,Yes,1
90704EVVV,M,college,Married,43,2754470,Yes,1
17274TALU,F,others,Single,31,6663600,Yes,0
59463IQBY,M,college,Married,46,3569829,No,0
52618WFCQ,M,primary,Single,18,2554430,No,1
31217ABUM,F,university,Married,30,8996447,No,1
53010QYZQ,M,primary,Single,62,123312,Yes,1
06771GZUT,M,college,Single,24,4721397,Yes,0
84163DXML,M,others,Single,51,4456813,Yes,1
26113THVX,F,others,Single,5,9332540,No,0
50122JAQJ,M,college,Married,45,6279722,No,1
10872SROK,F,university,Single,7,8571138,Yes,0
54563QCNB,F,others,Single,61,6516603,Yes,0
81824COVR,F,primary,Single,84,2682062,Yes,1
57236BYFM,F,university,Single,90,3382051,Yes,0
80805YKJS,M,others,Single,96,4299636,Yes,1
82003YYCS,M,college,Married,75,5611740,Yes,0
51526ETKC,F,primary,Single,12,3284517,Yes,1
63468EEKI,M,college,Single,66,5487125,No,1
19433ZIJT,M,others,Single,11,4367812,No,1
47652TYGZ,F,university,Single,84,6587280,Yes,0
43795NZHH,M,others,Married,83,1999302,No,1
28086HOOY,F,others,Married,41,4787911,No,1
10313PGVC,F,others,Single,67,7577426,Yes,1
39777EVRO,M,university,Married,72,483478,No,0
95375CBUJ,M,primary,Single,73,7474979,Yes,0
84882QPAU,F,college,Single,89,8586665,Yes,1
33051NFBT,F,college,Single,68,6806363,No,1
34552HKDC,F,university,Married,66,3432452,No,0
50305UDDO,F,others,Married,50,3100968,Yes,1
46167GBUI,F,primary,Married,96,1890684,Yes,0
90643IPAH,M,college,Single,69,698941,No,0
96941BVFJ,M,college,Single,82,6500367,Yes,1
78109YWVA,F,college,Married,25,1790626,No,1
61402NFNG,F,others,Single,36,3449114,Yes,0
47160PRBE,M,others,Single,41,3357837,No,0
27606AKHW,F,others,Married,17,9566486,No,1
68086GJZC,M,others,Married,57,5009841,Yes,0
38515LYAG,M,others,Married,97,3596070,No,0
53313JQGZ,M,college,Married,25,9953221,No,0
58688VAOH,M,primary,Married,37,5089715,No,0
18603YPQF,F,college,Single,80,6055541,No,0
21993OFDO,M,others,Single,54,7780934,No,1
88375DZZD,M,university,Single,51,912137,No,0
99359DIWS,M,college,Single,55,3855573,No,1
78444YXYH,M,primary,Married,48,9510108,Yes,0
71176GOGG,F,college,Single,10,4233439,No,0
63645PSJW,F,others,Married,62,3637403,No,1
41107AHKT,M,others,Married,3,8574825,Yes,1
97099WMIL,F,university,Single,62,399508,Yes,0
24073IPTP,M,university,Married,13,5199286,No,1
58754VBZN,F,university,Married,41,207373,Yes,0
37556BHKH,M,primary,Single,71,3630985,Yes,1
84460NDVL,F,college,Married,61,3035320,Yes,0
71796DKLE,F,university,Married,78,5602450,Yes,1
57242RXUS,F,primary,Married,49,3462024,Yes,1
11435JUNY,M,primary,Single,39,8381775,Yes,1
33795RDWE,M,others,Single,63,6519152,Yes,1
74374QDDF,M,primary,Single,98,5492170,Yes,1
62485AWGP,M,college,Single,36,7682025,No,1
44062OQOV,F,college,Married,98,6555771,Yes,0
01608RVHX,F,primary,Single,87,2772558,Yes,1
04166RPUE,F,primary,Single,89,8249060,Yes,0
45902JJBL,M,university,Single,7,8056010,No,0
52162NNSP,F,college,Single,67,9409164,No,1
17694RYZH,M,university,Married,5,4787253,No,0
63593DONQ,M,university,Single,24,4169448,Yes,1
41679AAQD,F,others,Single,11,1303156,No,0
87943OQAF,F,university,Single,39,1799551,No,1
27353ARIS,M,college,Single,75,4543,No,0
60133RXUQ,F,university,Single,95,523449,Yes,1
46853UKTV,M,college,Single,73,839332,No,0
27352RUXJ,M,college,Single,69,188105,Yes,0
92096VOKP,F,others,Single,22,4600839,No,1
87730KMGL,M,university,Single,82,160,Yes,0
92317UXLA,M,university,Married,40,5090989,No,1
45197NUDW,M,primary,Single,94,7466879,Yes,1
89617LSNA,M,primary,Married,6,6399182,No,0
96504BNRI,F,primary,Single,68,9531320,Yes,1
53831HILD,M,primary,Single,3,2675752,No,1
12065FJID,F,others,Married,6,1631294,Yes,0
72206ILDM,M,others,Single,38,898216,Yes,0
61041PPVS,F,primary,Single,49,6174851,Yes,1
63876NZTM,F,university,Married,24,3612280,No,1
18944RSMG,F,college,Married,45,3200849,No,1
28693SRUW,F,college,Married,68,7099542,Yes,0
40434ETPD,M,primary,Single,6,6254898,No,1
18736UNKK,M,university,Single,87,1276738,No,0
65933VPUL,F,university,Single,55,4697263,No,0
75260YOMP,F,primary,Married,94,7004271,No,1
45819BCVU,M,college,Single,65,375718,No,1
34608XXQA,M,primary,Single,67,4990718,Yes,0
11535FRIO,F,others,Single,22,587081,No,0
93949ICAZ,F,others,Single,65,2014550,No,1
41235BSVJ,F,university,Married,47,5067561,No,1
88273IJJO,M,college,Married,87,2379649,Yes,0
64139VEZR,F,primary,Single,89,4407806,Yes,0
10074LZCQ,F,primary,Single,5,7665974,Yes,1
44764ENOL,F,primary,Married,27,3433726,No,0
31658GNKO,M,others,Married,12,2018719,No,0
39571MRDT,M,primary,Married,58,509484,Yes,1
99740XCMT,F,primary,Married,23,7994425,No,0
90673BIUM,F,university,Single,28,2928989,No,0
54749UHAX,M,primary,Single,91,240654,Yes,0
77504EBZV,F,others,Single,40,1888893,Yes,0
62058HDHW,M,university,Married,9,1444439,Yes,1
01151LVGS,F,college,Single,91,3939338,Yes,1
47830DYEM,M,college,Single,26,7637737,No,1
97246FTIQ,F,others,Married,63,9727045,No,0
71133TTNJ,F,primary,Single,26,9352373,Yes,0
74180YLRZ,F,college,Single,73,4582438,Yes,1
60969LXWI,M,college,Married,81,4530970,No,1
20637TTPF,M,others,Married,78,378477,Yes,1
36156VACC,M,university,Married,1,9449443,Yes,0
42210CYRV,M,primary,Single,5,8048450,No,0
96718DRXO,M,college,Single,48,1061727,No,1
98624YQXH,M,others,Single,26,2571861,No,0
49731BUJI,M,others,Single,88,3615081,No,1
09244YPEM,M,college,Single,14,1093166,Yes,0
17269SCBO,F,others,Married,37,6669597,Yes,0
24816YRGS,M,primary,Single,0,6332142,No,1
95594LVUU,M,university,Married,30,501608,Yes,1
50984OYJR,M,others,Married,84,623461,Yes,0
46905YCLT,F,college,Single,42,8345381,Yes,0
61031SXQJ,M,others,Single,22,7255937,No,1
06711SPMB,F,college,Married,49,7813177,No,1
53584ZABU,F,university,Married,29,6919331,No,1
01864RWDP,F,others,Single,47,2936397,Yes,0
90164XBSD,M,primary,Married,51,222618,No,1
10374EPVC,M,others,Married,5,9676439,Yes,1
47284VZRI,F,others,Single,19,738764,No,1
95187TPID,F,college,Married,18,1057137,No,0
14654YBCW,M,primary,Single,76,4711427,No,0
67040ECQX,M,others,Single,31,4723938,Yes,0
48762QNKY,M,university,Single,79,8039159,No,1
60149QUJA,F,primary,Married,85,3400719,No,1
21503TOFU,F,others,Married,33,4484289,Yes,1
62176ZMER,F,university,Married,54,409581,No,0
06243UTBT,M,others,Single,87,4562773,Yes,1
91741XSPI,M,college,Single,73,3155288,No,1
16373CTWJ,M,others,Single,90,3939601,No,1
24481YLKD,F,primary,Married,80,7516011,No,1
76921RBDW,F,college,Married,39,32692,Yes,0
41386UQPE,M,college,Single,26,740263,No,1
98084ZPVH,M,university,Single,83,9449129,Yes,1
77235XPDO,F,primary,Married,94,7303869,No,1
09047ANMU,M,primary,Single,34,9377531,No,0
84250TYDH,M,university,Single,52,8196134,No,1
60437WTAL,M,university,Single,88,3884276,Yes,0
78473MQWB,F,others,Married,1,793471,Yes,1
83042YOUU,F,university,Single,53,4806960,No,0
08709RXCJ,M,primary,Single,52,6107491,No,1
63150SFZG,M,university,Married,48,1483375,No,0
14959FTFJ,F,others,Married,35,6162224,Yes,1
26203MNDS,F,others,Married,24,7654731,Yes,0
65267YVYB,F,university,Single,99,7926819,Yes,0
84082YCHS,M,primary,Single,62,9136717,Yes,1
48562ZODJ,M,others,Single,32,2749698,No,1
46208GYQK,F,college,Single,76,6262389,Yes,0
36356VLHD,M,others,Married,1,6228916,No,0
71249UBJL,M,college,Married,80,9244650,Yes,1
19729VSRD,M,college,Single,88,9072566,No,1
20312EOAI,F,university,Married,50,2444369,Yes,0
33513XKMD,F,primary,Single,5,5380642,Yes,1
43079ISMH,M,college,Married,89,5818133,No,0
99515XLRT,F,others,Single,98,6828355,No,0
91534VLCB,M,primary,Single,57,2918611,Yes,1
65292ANLR,F,college,Single,16,9734339,No,0
05136YXJD,M,university,Single,84,6740737,Yes,0
83323ZWCS,M,others,Married,88,6242969,No,0
49828ZLXD,M,others,Married,28,7843083,Yes,0
50248ZBYT,F,college,Married,9,5829028,No,0
04945STDE,M,university,Married,81,4906490,Yes,1
35088HOMA,M,college,Married,14,2476874,Yes,1
02984QXKM,M,others,Married,14,8296513,No,0
62129BTPO,M,others,Single,20,9097758,No,1
86461NOVE,M,primary,Married,62,6842182,Yes,0
03811HKXJ,F,primary,Married,8,6045315,Yes,0
25957ECTO,F,others,Single,23,7242915,Yes,1
88636RCPV,F,primary,Single,68,1450316,No,1
05343XCEF,F,others,Single,41,4247997,Yes,0
18685NOTC,F,university,Single,21,2309242,No,1
40894IJVX,F,primary,Married,94,5583526,Yes,1
57370VFWD,F,university,Single,32,6017463,No,0
21106UCUT,F,primary,Married,87,7827497,Yes,0
01750DGBR,F,university,Married,91,7562645,Yes,0
77929EJCV,F,university,Single,88,9046473,Yes,1
99315SGOC,M,others,Single,50,2756097,No,1
50212XNZC,F,primary,Single,36,717323,Yes,1
25735LYEJ,F,primary,Married,68,5762198,No,0
32219DCDT,F,others,Single,36,8495192,No,1
75031HPIZ,F,others,Single,36,2433544,No,0
45281BVMR,M,university,Married,72,5731934,Yes,0
19414RCDK,F,others,Single,33,9063238,No,1
51990ZIPZ,M,university,Married,13,2674758,Yes,1
18727PHUQ,M,others,Married,97,9624965,Yes,1
44644HTCG,F,others,Married,15,2340779,No,1
46100BRZJ,M,primary,Single,50,3452966,Yes,0
61600TTUF,M,college,Single,25,6649653,No,1
64238OYAL,F,primary,Married,11,1371427,No,1
93334AOWH,F,others,Single,71,7029252,Yes,1
74174CRRR,M,college,Married,63,1877035,Yes,0
54853MZQJ,M,college,Single,25,8411822,Yes,0
93008JTAX,F,college,Single,16,9126751,Yes,1
30333RGQP,F,college,Married,66,704282,Yes,1
90330ILWO,M,university,Single,4,8716919,Yes,0
92659JKOV,M,university,Married,60,1741732,Yes,0
16357IPJL,M,college,Married,61,9654694,No,1
48785HBZK,F,university,Married,13,67789,Yes,0
27080IBUM,M,college,Married,14,4273445,Yes,1
27638LOFK,F,college,Single,29,9234995,No,0
64710SWOF,F,others,Married,4,2763240,No,1
97495PTLO,M,others,Married,49,3804777,Yes,1
65311RHLI,F,university,Married,23,5618686,No,1
80248QGPK,F,college,Married,10,8207079,Yes,1
11284OLQA,F,university,Married,97,1961615,No,1
11286EWZM,F,university,Single,88,5460771,No,1
08068XKJR,F,others,Married,8,6263306,Yes,1
09711TYNV,F,primary,Single,30,9201476,No,0
99282DUIP,F,college,Single,55,6626338,Yes,1
37241EZLG,M,others,Married,78,8776515,No,1
54393LRZW,M,university,Married,47,6590086,Yes,0
93780ZPVR,F,university,Married,56,3675409,No,1
96725IYJV,M,others,Single,94,9680780,Yes,0
18839KZGC,F,primary,Married,18,5891057,No,1
82289QWTK,F,primary,Single,56,6845079,Yes,0
08894KVSW,F,college,Single,76,1785543,Yes,0
88653PVTL,F,university,Married,98,3788544,Yes,0
00667DKQI,M,university,Married,5,7611053,Yes,0
01598TWRU,M,primary,Single,84,2612233,Yes,1
34726VUFK,F,others,Married,64,3159673,No,1
18982YYQQ,M,college,Married,98,10002,Yes,1
99171KLGC,F,primary,Single,24,8464292,Yes,0
39174XLRD,M,primary,Married,98,1808599,No,1
71872MDWP,F,others,Single,26,8308127,No,0
92644DHGQ,M,university,Married,92,2421885,Yes,0
93640DISR,F,primary,Single,40,1211427,No,0
77720BIGX,F,college,Married,5,5143156,No,1
99957BGQH,F,university,Single,72,4057291,No,1
33955GNYW,M,college,Married,1,6813561,Yes,0
13511BDWV,F,primary,Single,19,5081108,No,1
79286TGIX,M,university,Single,43,3510533,Yes,1
39718RUBD,F,college,Single,32,9092696,Yes,0
20274ZYBJ,M,college,Married,22,1620465,Yes,0
74488DCWE,M,others,Married,44,3204559,No,1
15285PZNO,F,college,Single,59,394359,Yes,1
40768ARRK,M,college,Married,25,272127,Yes,0
59810VRLY,M,others,Married,82,521729,No,0
50969ITTY,F,college,Married,7,4962434,No,0
52063BBYJ,F,university,Married,50,2031311,No,1
31980WEUH,M,primary,Married,48,3474351,No,1
76144UIRD,F,university,Married,19,3115766,No,0
68548MOKT,F,primary,Married,37,1196823,Yes,1
86440IMFR,M,university,Single,64,1124441,Yes,0
14652LXMD,M,college,Single,8,4251916,Yes,1
19852BBBC,F,university,Single,28,7593358,No,0
40652GCNC,M,college,Single,23,1995700,Yes,0
61130WHPL,F,primary,Married,80,7078602,Yes,1
66298EETP,F,university,Married,24,5998095,No,1
81501EMRW,M,others,Married,42,6761232,Yes,0
96469JRRK,M,college,Single,84,177310,No,0
31010ZWFQ,F,college,Single,92,5036780,No,1
64671HMMA,M,others,Single,56,5757431,No,1
11794WPFO,M,university,Married,3,6505321,Yes,1
80067ZWTP,F,university,Single,56,6290046,No,1
52445PRVM,M,primary,Married,8,3497184,No,1
75430XKMM,F,university,Married,31,5096694,Yes,1
93602EIGF,M,university,Single,77,7189438,Yes,0
93686DHSY,M,primary,Single,67,9893370,Yes,1
86777VQHT,F,university,Single,36,8026883,Yes,1
61161KZHF,F,university,Married,71,9954530,Yes,1
00831VXAB,M,university,Single,20,702544,No,0
46122IJBW,F,others,Single,18,8243208,No,0
21656SYLL,F,primary,Single,70,528785,No,1
81167YVBC,F,college,Married,40,8388522,Yes,0
68912LNTC,M,primary,Single,7,5362533,Yes,0
63184KTGV,F,primary,Single,14,5897141,No,0
35037JRDT,F,university,Married,87,520771,Yes,1
42844LWUJ,F,others,Married,8,4291313,No,0
01089CIZE,M,others,Single,52,7945648,No,1
07669BQSR,F,others,Single,66,6438346,No,1
52465HTXA,F,college,Married,68,9043210,Yes,1
25974FOUQ,M,college,Single,2,1644282,Yes,1
68741HAIS,M,primary,Single,79,7091758,Yes,0
71920ONTE,F,university,Married,92,9850319,No,0
07527SZCB,M,others,Married,21,5889725,Yes,1
36306DHTL,F,others,Married,92,8226011,No,0
98958QNPJ,M,others,Married,41,458490,No,1
27767NGIP,F,others,Married,47,6374794,Yes,0
83078CBXM,F,college,Married,4,648802,No,1
43555KGML,M,college,Married,18,8178028,No,0
49498DDSD,F,college,Married,13,1456743,No,0
78124TYJY,F,primary,Single,87,7967027,Yes,0
64150DJZH,M,university,Married,29,4230483,No,1
47150XXFV,F,university,Married,0,9122359,Yes,0
41384OOXU,F,college,Married,48,1544324,No,0
47675LLLW,M,university,Single,0,1391917,No,1
37642KOYX,M,others,Single,72,4116953,No,0
76875USOD,F,others,Single,7,1577153,No,0
51650OEMX,F,others,Married,49,7628369,Yes,1
19107GSXL,F,college,Single,98,6372845,Yes,0
86408ALKW,F,primary,Married,72,5660343,No,1
32101DGCH,F,others,Married,15,4049662,No,1
41630BKIK,F,college,Married,28,7873204,Yes,0
33812TPMT,F,university,Married,97,576166,Yes,1
31044MKGX,F,primary,Single,80,5416902,Yes,0
29625UHKC,F,college,Married,4,5197810,Yes,1
62939UNLX,F,others,Married,72,9271522,No,1
40482ZAYM,M,college,Married,69,7569863,Yes,1
58336PNBT,M,others,Single,9,3633196,Yes,1
53311OHLP,F,university,Married,2,6888844,No,1
93632TLGZ,M,university,Single,83,1593060,No,0
34506QAMX,M,others,Single,60,172704,No,0
64877NUQC,F,college,Single,73,2153929,Yes,1
08663VVJE,M,university,Single,82,9956088,Yes,1
76049LFAH,F,primary,Single,49,473718,Yes,0
93063SGMJ,M,university,Married,36,8494213,Yes,0
29721VKWO,F,others,Married,87,7456298,Yes,1
45656OBDB,M,college,Single,78,1159300,Yes,0
25257ERZS,F,university,Married,49,8423381,No,0
52549QYBY,M,primary,Single,57,3040590,No,1
49264JTWF,F,college,Married,95,7770871,Yes,0
24401COAT,M,college,Married,30,4609392,No,0
94021IQCM,F,primary,Single,87,9479966,No,1
85632CGIB,F,college,Married,62,6512548,Yes,1
37976TQPC,M,college,Single,78,8986933,No,1
00380DXLH,M,primary,Married,32,817301,Yes,1
60652JCTG,M,college,Married,44,4248064,No,1
56037WQIY,F,primary,Married,81,9825763,No,0
74311PBUF,M,college,Married,58,1974151,Yes,0
56247LGUB,F,others,Single,61,8669397,No,0
34973XUDI,M,others,Married,19,8239275,No,1
33056BNVW,F,primary,Married,58,2917872,Yes,0
41297IRSZ,F,college,Single,68,7578704,Yes,1
53596KELU,F,college,Married,46,4922259,Yes,0
02022QGTY,M,primary,Married,28,2730428,Yes,0
37219JBAC,M,primary,Single,18,668010,Yes,1
21570AFEX,M,others,Single,36,4870202,Yes,1
73510VXAR,M,others,Single,81,5560232,No,1
37193GVRY,M,others,Single,93,7159369,Yes,1
99880DYUE,F,university,Married,22,1840034,No,0
33592BQEN,M,others,Married,49,2597050,No,1
73078WZXF,M,primary,Single,32,1288837,No,1
04605TQNM,M,primary,Single,20,3340731,Yes,0
43367MGKX,F,college,Single,47,8089071,No,0
50228KHXO,F,primary,Single,94,8157879,Yes,0
93510LJPM,M,university,Married,2,4178243,Yes,1
64448IJEG,F,university,Single,55,95505,Yes,0
63085QUYC,M,university,Single,38,6497878,No,0
00213HVRH,M,primary,Married,18,2963387,Yes,1
79977XAHV,M,others,Single,5,6320307,Yes,1
74456MNTD,M,primary,Single,58,736095,Yes,0
32745UTSL,M,primary,Married,52,5071361,Yes,0
73176FLOJ,M,others,Married,90,3064825,No,0
51908VIKR,M,primary,Married,69,3748411,Yes,0
47530UXDY,M,college,Married,29,5705435,Yes,1
36668ZFKN,M,primary,Married,51,9790677,Yes,0
11548CCOA,M,college,Married,16,8277058,Yes,1
64109HGRB,F,university,Married,80,3837495,No,0
05184ECNM,M,primary,Married,45,7460265,Yes,1
09812LSMP,F,college,Single,26,1947660,No,1
95562ADBK,F,college,Single,51,1703521,Yes,0
85984OTHW,M,university,Married,53,2758733,No,0
47726VEGX,M,college,Married,53,2335478,Yes,0
74915KYGW,F,primary,Married,58,2214576,Yes,0
26296SFMZ,F,others,Single,93,9441727,No,1
59017ILGN,F,others,Married,57,397255,Yes,1
40673TWKA,M,primary,Single,56,7350053,No,1
19374BOGY,M,primary,Single,49,8323943,Yes,0
18810CHNK,F,university,Single,59,6151797,No,0
07613FARF,F,university,Single,46,7213758,No,0
68867XKIB,M,college,Married,43,344564,Yes,1
07793GCKZ,F,primary,Single,41,8810979,No,1
31628UVEE,M,university,Single,85,6178853,No,0
41351FOYD,M,others,Single,51,9118160,No,0
23143KLBV,M,primary,Married,17,1783890,No,0
63023PZCN,M,college,Married,92,7023356,Yes,0
98195ZSRZ,M,university,Single,67,7946663,Yes,1
63683WMIP,M,others,Married,26,562656,No,0
53625ZGQX,M,university,Married,31,4679203,No,0
37760JHDF,F,primary,Married,27,7319751,No,1
09597IHQT,F,college,Married,91,9349634,Yes,1
59620WIGO,F,college,Married,24,7084268,Yes,0
96267PJIL,F,college,Married,72,1123043,No,1
08016DFCP,M,primary,Married,24,1093461,Yes,0
89207ISGE,F,college,Married,93,1463694,No,1
22462UCZK,F,others,Single,84,4408643,Yes,0
14577VUAJ,F,primary,Single,79,6000247,Yes,1
87951SGML,F,others,Married,46,7962895,Yes,0
36014EEAN,F,primary,Single,59,6733150,Yes,1
74999JMQP,M,primary,Single,70,8507954,Yes,1
40935FLGX,F,primary,Single,97,4080756,Yes,0
75466QYTG,F,university,Married,52,2307325,Yes,1
08666QGLR,F,primary,Single,47,2030226,Yes,0
26980UQXK,M,university,Single,82,404487,Yes,1
59514VGHZ,M,college,Married,39,2717831,Yes,0
63348SCQU,F,primary,Single,27,1449175,No,0
31793IZVA,F,university,Single,50,9570071,Yes,0
06567EJSF,M,primary,Single,18,3133829,Yes,0
19481BETG,F,university,Married,60,3297009,No,0
94668EHJH,M,college,Single,13,7484352,Yes,1
35461BTAP,F,others,Single,69,9159000,Yes,1
90506ZTYM,M,primary,Single,83,6263218,Yes,1
34389VYRJ,F,university,Married,57,9351092,Yes,1
03314SSXD,M,college,Single,38,4412520,Yes,0
68268JQRM,F,university,Single,99,8017492,No,1
41998AJBU,M,university,Single,79,1121035,Yes,0
34646CLYY,F,college,Single,52,3112345,No,0
98972FDNO,F,primary,Married,6,9766362,Yes,0
85173ROWE,F,others,Single,25,6933282,No,0
41622TRCL,M,college,Single,27,1943638,Yes,1
71997FGMX,M,university,Married,43,9389648,Yes,0
11570RWYT,F,college,Single,70,666992,Yes,0
66377JQOW,M,university,Single,20,3896480,No,0
82100TYTD,F,college,Married,84,3396502,No,1
38950BNWZ,F,others,Married,49,2472748,No,1
33675PFKN,M,university,Married,66,5038922,No,0
41984LPDR,M,university,Married,55,2234974,No,0
87539DZSM,M,college,Single,23,6555023,No,1
84739IVFT,F,university,Married,56,187798,Yes,1
87081MKZR,F,university,Married,3,6238752,Yes,1
89536ZTKN,F,college,Single,88,1006533,Yes,0
26183DTPU,M,college,Married,26,8559669,No,0
87411SHDF,F,others,Single,49,204102,No,1
77075RZDY,F,college,Single,72,1891675,Yes,1
48909EBZQ,F,primary,Single,85,8800709,Yes,1
59640GMRY,M,others,Single,22,4460853,No,0
63676UWQH,F,college,Married,34,9824283,No,0
63104RNAO,F,college,Married,95,8900637,No,1
52771MQLO,F,college,Single,87,148605,No,0
00971VAON,M,others,Married,72,5089271,Yes,1
84557UDTZ,F,university,Married,98,2299516,No,0
81515UDDF,M,primary,Married,19,5360811,Yes,1
15809NJOK,F,others,Married,82,4088208,No,0
90395URLP,F,university,Married,51,8059593,No,0
65935FCVG,F,university,Single,73,3582960,Yes,1
12896FJDQ,M,others,Married,25,3165308,Yes,0
02394CGLS,M,college,Married,19,7965144,Yes,0
50796FJRV,M,college,Single,52,8024131,No,1
64194APCD,M,university,Married,40,8031830,No,1
15063IHWF,M,college,Married,59,3592380,Yes,0
03931YESH,M,college,Single,31,1661734,No,1
84578OPXE,M,primary,Married,94,2892694,Yes,1
93379NPWM,F,university,Married,16,6507170,No,0
10511JTBS,F,college,Married,97,9278347,Yes,0
97267EZUN,F,university,Married,62,9083233,No,1
24988HWYK,M,others,Married,40,1189816,No,1
30079EBTO,M,college,Single,78,2451360,Yes,1
48945TMNZ,M,primary,Married,97,2129962,No,0
86469TSST,M,primary,Single,78,8554164,Yes,0
27988NPPZ,F,university,Married,67,2439452,No,0
68520VNYK,F,others,Single,94,1140751,Yes,1
33192OTDH,M,university,Single,80,8014282,No,0
22752HYQV,M,others,Single,4,8613165,No,0
04643QIJA,F,college,Single,86,1217860,No,0
81314CNDD,M,college,Single,12,9498546,Yes,0
41623HLEV,M,others,Single,8,2763757,No,1
14813LJWF,M,primary,Single,10,4145111,Yes,0
10379EFMR,F,college,Married,2,6937524,No,0
24577ITWN,F,primary,Single,1,6068697,No,0
98311AENT,M,college,Married,6,3780613,No,0
26397LHMT,M,primary,Married,42,4403490,No,1
21527WZGV,F,university,Single,11,6818118,Yes,1
17875EZPQ,M,others,Single,40,1001148,No,1
21099LQCB,F,others,Married,45,7245594,Yes,0
43623MNQH,F,college,Married,25,719892,No,1
22343BBBT,M,college,Married,95,5376890,Yes,1
24911YJHC,M,primary,Single,19,6620774,Yes,1
05837JUNJ,M,university,Married,27,464146,Yes,0
62381TDPX,F,college,Married,39,3231388,No,0
61790OISZ,F,college,Single,8,6269348,No,1
27015GWWX,F,university,Married,46,6556138,Yes,1
98479BKYN,F,others,Married,79,7546868,Yes,1
05610OUST,M,university,Single,40,3770194,Yes,0
36891TJUK,M,primary,Married,74,2136182,No,1
21126WULS,M,others,Single,57,8042424,No,0
53275EBGB,F,others,Single,60,8548785,No,1
18927QGVN,M,others,Married,43,6820473,Yes,1
03630SOSK,M,others,Married,90,2638807,No,0
63088FZEZ,M,others,Single,22,4049024,No,1
59771TJQW,M,university,Married,37,8745267,No,0
65822PVTE,M,college,Married,38,4825592,Yes,0
27390EEWE,M,college,Single,12,8340516,Yes,1
47601EKPB,M,college,Married,71,1259221,Yes,0
02991NSVP,M,others,Single,20,7260199,Yes,0
30876BGCD,F,others,Married,19,518652,No,0
60991TISF,F,college,Married,20,7001409,No,1
45413EBRQ,M,primary,Married,53,1112900,Yes,0
18125VDXA,F,university,Single,15,9423539,Yes,0
41628KWVC,M,primary,Married,68,1423424,No,1
11193QDYX,F,others,Single,79,2442156,Yes,1
86155RDRH,M,others,Single,52,670226,Yes,1
83196YVSB,M,college,Married,20,6199536,Yes,1
09163KSUM,F,others,Married,71,4653823,No,0
05920ZEKI,F,primary,Single,70,6597932,No,1
46473URGK,F,university,Married,80,4711604,No,0
45583PKPS,M,university,Single,60,7793136,Yes,0
77209AOYX,M,college,Married,89,5729128,No,1
03888HDWZ,F,university,Single,35,5091833,Yes,1
92801ZSJA,F,university,Single,88,8980692,Yes,0
93760VWAJ,F,university,Married,31,5487623,Yes,0
00581ETTS,M,college,Single,14,5169763,No,0
24376HEWA,M,primary,Married,84,7883814,No,1
75086WOVX,M,primary,Married,18,8580539,No,1
57419NZDF,F,college,Single,56,8183717,No,0
62175VVMI,M,university,Single,12,6477580,Yes,1
68186FCCP,M,college,Married,96,9891194,No,1
80250PTIO,F,others,Single,5,9398390,No,0
60295OUBI,M,others,Single,17,9629923,Yes,1
90323FTSZ,M,university,Married,48,2302964,No,1
70471UDPJ,F,others,Single,60,7874019,No,0
